{"friend": 0.337652721214365, "work": 0.2532395409107738, "human": 0.19696408737504628, "body": 0.19696408737504628, "bad": 0.19696408737504628, "treat": 0.1688263606071825, "time": 0.1688263606071825, "child": 0.1688263606071825, "good": 0.1688263606071825, "disease": 0.1688263606071825}