  
{
"art":0.20782122905028,
"biology":0.18472998137803,
"computer science":0.5010800744879,
"human":0.23091247672253,
"machine":0.23091247672253,
"research":0.18472998137803,
"study":0.30018621973929,
"system":0.23091247672253,
"technology":0.18472998137803
}